Variant_ID,Type,AscendingDNA_change_genomic_hg19,GERP,dbSNP_ID,number_in_normal,freq,Sources
4818,subst,m.750A>G,1.58,rs2853518,93,a:g.0.95 ;a:g.0.98 ;a:g.0.98 ;a:g.0.98 ;a:g.0.99 ;a:g.0.96 ;a:g.0.96 ;a:g.0.97 ;a:g.0.95 ;a:g.1.00 ;a:g.0.96 ;a:g.0.96 ;a:g.0.96 ;a:g.0.95 ;a:g.0.97 ;a:g.0.92 ;a:g.0.94 ;a:g.0.93 ;a:g.0.99 ;a:g.0.96 ;a:g.0.97 ;a:g.0.93 ;a:g.0.96 ;a:g.0.94 ;a:g.0.93 ;a:g.0.93 ;a:g.1.00 ;a:g.0.99 ;a:g.0.96 ;a:g.0.99 ;a:g.0.96 ;a:g.0.96 ;a:g.0.97 ;a:g.0.96 ;a:g.0.99 ;a:g.0.98 ;a:g.0.99 ;a:g.0.98 ;a:g.0.97 ;a:g.0.94 ;a:g.0.99 ;a:g.0.95 ;a:g.0.95 ;a:g.0.97 ;a:g.0.97 ;a:g.0.98 ;a:g.0.96 ;a:g.0.97 ;a:g.0.98 ;a:g.0.97 ;a:g.0.99 ;a:g.0.96 ;a:g.0.94 ;a:g.0.85 ;a:g.0.94 ;a:g.0.94 ;a:g.0.85 ;a:g.0.93 ;a:g.0.94 ;a:g.0.94 ;a:g.0.95 ;a:g.0.94 ;a:g.0.85 ;a:g.0.95 ;a:g.0.92 ;a:g.0.95 ;a:g.0.95 ;a:g.0.92 ;a:g.0.94 ;a:g.0.95 ;a:g.0.76 ;a:g.0.96 ;a:g.0.85 ;a:g.0.80 ;a:g.0.91 ;a:g.0.95 ;a:g.0.95 ;a:g.0.94 ;a:g.0.94 ;a:g.0.94 ;a:g.0.95 ;a:g.0.93 ;a:g.0.95 ;a:g.0.99 ;a:g.0.94 ;a:g.0.94 ;a:g.0.93 ;a:g.0.94 ;a:g.0.94 ;a:g.0.94 ;a:g.0.97 ;a:g.0.92 ;a:g.0.96 ,; Mitomap;
5105,subst,m.14743A>G,-5.15,rs527236161,1,a:c.0.05 ,; clinvar;
1489,subst,m.14319T>C,-3.51,rs199476110,1,t:c.0.29 ,; clinVar; Mitomap; Ensembl;
4454,subst,m.3398T>C,3.56,rs201212638,3,t:a.0.05 ;t:a.0.04 ;t:c.0.86 ,; Mitomap;
4141,subst,m.15431G>A,-4.91,rs2853509,2,g:c.0.05 ;g:a.0.92 ,;
5144,subst,m.15431G>A,-4.91,rs527236208,2,g:c.0.05 ;g:a.0.92 ,; clinvar;
4590,subst,m.4769A>G,-8.8,rs3021086,93,a:g.0.95 ;a:g.0.99 ;a:g.0.98 ;a:g.0.98 ;a:g.0.98 ;a:g.0.97 ;a:g.0.97 ;a:g.0.98 ;a:g.0.96 ;a:g.1.00 ;a:g.0.97 ;a:g.0.96 ;a:g.0.97 ;a:g.0.96 ;a:g.0.96 ;a:g.0.96 ;a:g.0.95 ;a:g.0.95 ;a:g.0.97 ;a:g.0.96 ;a:g.0.97 ;a:g.0.95 ;a:g.0.93 ;a:g.0.96 ;a:g.0.94 ;a:g.0.94 ;a:g.0.96 ;a:g.0.97 ;a:g.0.98 ;a:g.0.99 ;a:g.0.99 ;a:g.1.00 ;a:g.0.97 ;a:g.0.98 ;a:g.1.00 ;a:g.0.99 ;a:g.0.99 ;a:g.0.96 ;a:g.0.97 ;a:g.0.97 ;a:g.0.98 ;a:g.0.97 ;a:g.1.00 ;a:g.0.97 ;a:g.0.96 ;a:g.0.97 ;a:g.0.97 ;a:g.0.97 ;a:g.0.98 ;a:g.0.97 ;a:g.0.99 ;a:g.0.97 ;a:g.0.95 ;a:g.0.90 ;a:g.0.94 ;a:g.0.94 ;a:g.0.89 ;a:g.0.94 ;a:g.0.94 ;a:g.0.93 ;a:g.0.93 ;a:g.0.94 ;a:g.0.91 ;a:g.0.93 ;a:g.0.93 ;a:g.0.96 ;a:g.0.95 ;a:g.0.93 ;a:g.0.94 ;a:g.0.95 ;a:g.0.77 ;a:g.0.98 ;a:g.0.90 ;a:g.0.80 ;a:g.0.93 ;a:g.0.96 ;a:g.0.96 ;a:g.0.96 ;a:g.0.96 ;a:g.0.96 ;a:g.0.96 ;a:g.0.96 ;a:g.0.96 ;a:g.0.99 ;a:g.0.96 ;a:g.0.95 ;a:g.0.95 ;a:g.0.96 ;a:g.0.95 ;a:g.0.95 ;a:g.0.97 ;a:g.0.94 ;a:g.0.96 ,; Mitomap;
3883,subst,m.12705C>T,-8.89,rs2854122,51,c:t.0.98 ;c:t.0.98 ;c:t.0.99 ;c:t.0.98 ;c:t.0.98 ;c:t.0.97 ;c:t.0.97 ;c:t.0.99 ;c:t.0.98 ;c:t.0.99 ;c:t.0.98 ;c:t.0.97 ;c:t.0.97 ;c:t.0.98 ;c:t.0.98 ;c:t.0.94 ;c:t.1.00 ;c:t.0.97 ;c:t.0.99 ;c:t.0.98 ;c:t.0.97 ;c:t.0.97 ;c:t.0.97 ;c:t.0.98 ;c:t.0.97 ;c:t.0.99 ;c:t.0.97 ;c:t.0.98 ;c:t.0.94 ;c:t.0.98 ;c:t.0.98 ;c:t.0.98 ;c:t.0.98 ;c:t.0.98 ;c:t.0.99 ;c:t.0.98 ;c:t.0.97 ;c:t.0.97 ;c:t.0.97 ;c:t.0.98 ;c:t.0.99 ;c:t.0.97 ;c:t.0.97 ;c:t.0.98 ;c:t.0.98 ;c:t.0.98 ;c:t.0.98 ;c:t.0.98 ;c:t.0.98 ;c:t.0.99 ;c:t.0.98 ,; Ensembl;
4076,subst,m.14766C>T,1.98,rs3135031,74,c:t.0.98 ;c:t.0.99 ;c:t.0.98 ;c:t.0.98 ;c:t.0.98 ;c:t.0.98 ;c:t.0.98 ;c:t.0.97 ;c:t.0.97 ;c:t.0.98 ;c:t.0.98 ;c:t.0.98 ;c:t.0.98 ;c:t.0.96 ;c:t.0.95 ;c:t.0.99 ;c:t.0.94 ;c:t.0.95 ;c:t.0.95 ;c:t.0.96 ;c:t.0.98 ;c:t.0.98 ;c:t.0.95 ;c:t.0.99 ;c:t.1.00 ;c:t.0.98 ;c:t.0.97 ;c:t.0.99 ;c:t.0.99 ;c:t.0.99 ;c:t.0.98 ;c:t.0.98 ;c:t.0.97 ;c:t.0.98 ;c:t.0.99 ;c:t.0.99 ;c:t.0.98 ;c:t.0.98 ;c:t.0.99 ;c:t.0.97 ;c:t.0.97 ;c:t.0.96 ;c:t.0.88 ;c:t.0.98 ;c:t.0.97 ;c:t.0.99 ;c:t.0.97 ;c:t.0.88 ;c:t.0.97 ;c:t.0.96 ;c:t.0.97 ;c:t.0.96 ;c:t.0.98 ;c:t.0.79 ;c:t.0.98 ;c:t.0.86 ;c:t.0.82 ;c:t.0.96 ;c:t.0.98 ;c:t.0.97 ;c:t.0.96 ;c:t.0.97 ;c:t.0.97 ;c:t.0.96 ;c:t.0.96 ;c:t.0.97 ;c:t.0.97 ;c:t.0.97 ;c:t.0.97 ;c:t.0.97 ;c:t.0.98 ;c:t.0.99 ;c:t.0.99 ;c:t.0.97 ,;
5107,subst,m.14766C>T,1.98,rs527236041,74,c:t.0.98 ;c:t.0.99 ;c:t.0.98 ;c:t.0.98 ;c:t.0.98 ;c:t.0.98 ;c:t.0.98 ;c:t.0.97 ;c:t.0.97 ;c:t.0.98 ;c:t.0.98 ;c:t.0.98 ;c:t.0.98 ;c:t.0.96 ;c:t.0.95 ;c:t.0.99 ;c:t.0.94 ;c:t.0.95 ;c:t.0.95 ;c:t.0.96 ;c:t.0.98 ;c:t.0.98 ;c:t.0.95 ;c:t.0.99 ;c:t.1.00 ;c:t.0.98 ;c:t.0.97 ;c:t.0.99 ;c:t.0.99 ;c:t.0.99 ;c:t.0.98 ;c:t.0.98 ;c:t.0.97 ;c:t.0.98 ;c:t.0.99 ;c:t.0.99 ;c:t.0.98 ;c:t.0.98 ;c:t.0.99 ;c:t.0.97 ;c:t.0.97 ;c:t.0.96 ;c:t.0.88 ;c:t.0.98 ;c:t.0.97 ;c:t.0.99 ;c:t.0.97 ;c:t.0.88 ;c:t.0.97 ;c:t.0.96 ;c:t.0.97 ;c:t.0.96 ;c:t.0.98 ;c:t.0.79 ;c:t.0.98 ;c:t.0.86 ;c:t.0.82 ;c:t.0.96 ;c:t.0.98 ;c:t.0.97 ;c:t.0.96 ;c:t.0.97 ;c:t.0.97 ;c:t.0.96 ;c:t.0.96 ;c:t.0.97 ;c:t.0.97 ;c:t.0.97 ;c:t.0.97 ;c:t.0.97 ;c:t.0.98 ;c:t.0.99 ;c:t.0.99 ;c:t.0.97 ,; clinvar;
4078,subst,m.14783T>C,1.11,rs28357680,13,t:c.0.99 ;t:c.0.99 ;t:c.0.98 ;t:c.0.98 ;t:c.0.96 ;t:c.0.99 ;t:c.0.99 ;t:c.0.99 ;t:c.0.96 ;t:c.0.98 ;t:c.0.97 ;t:c.0.97 ;t:c.0.95 ,; Ensembl;
5109,subst,m.14783T>C,1.11,rs527236042,13,t:c.0.99 ;t:c.0.99 ;t:c.0.98 ;t:c.0.98 ;t:c.0.96 ;t:c.0.99 ;t:c.0.99 ;t:c.0.99 ;t:c.0.96 ;t:c.0.98 ;t:c.0.97 ;t:c.0.97 ;t:c.0.95 ,; clinvar;
4091,subst,m.14905G>A,-0.329,rs28357682,3,g:a.0.96 ;g:a.0.98 ;g:a.0.98 ,;
5113,subst,m.14905G>A,-0.329,rs527236203,3,g:a.0.96 ;g:a.0.98 ;g:a.0.98 ,; clinvar;
4104,subst,m.15043G>A,-8.3,rs28357684,14,g:a.0.97 ;g:a.0.98 ;g:a.0.97 ;g:a.0.97 ;g:a.0.95 ;g:a.0.96 ;g:a.0.97 ;g:a.0.99 ;g:a.0.98 ;g:a.0.96 ;g:a.0.97 ;g:a.0.96 ;g:a.0.96 ;g:a.0.97 ,; Mitomap;
4131,subst,m.15301G>A,-8.3,rs28573847,29,g:a.0.95 ;g:a.0.95 ;g:a.0.97 ;g:a.0.95 ;g:a.0.96 ;g:a.0.96 ;g:a.0.96 ;g:a.0.94 ;g:a.0.94 ;g:a.0.88 ;g:a.0.95 ;g:a.0.96 ;g:a.0.96 ;g:a.0.96 ;g:a.0.97 ;g:a.0.94 ;g:a.0.92 ;g:a.0.96 ;g:a.0.95 ;g:a.0.94 ;g:a.0.94 ;g:a.0.95 ;g:a.0.96 ;g:a.0.96 ;g:a.0.95 ;g:a.0.95 ;g:a.0.95 ;g:a.0.94 ;g:a.0.95 ,;
5132,subst,m.15301G>A,-8.3,rs527236045,29,g:a.0.95 ;g:a.0.95 ;g:a.0.97 ;g:a.0.95 ;g:a.0.96 ;g:a.0.96 ;g:a.0.96 ;g:a.0.94 ;g:a.0.94 ;g:a.0.88 ;g:a.0.95 ;g:a.0.96 ;g:a.0.96 ;g:a.0.96 ;g:a.0.97 ;g:a.0.94 ;g:a.0.92 ;g:a.0.96 ;g:a.0.95 ;g:a.0.94 ;g:a.0.94 ;g:a.0.95 ;g:a.0.96 ;g:a.0.96 ;g:a.0.95 ;g:a.0.95 ;g:a.0.95 ;g:a.0.94 ;g:a.0.95 ,; clinvar;
4136,subst,m.15326A>G,-8.04,rs2853508,92,a:g.0.96 ;a:g.0.99 ;a:g.0.98 ;a:g.0.99 ;a:g.0.97 ;a:g.0.97 ;a:g.0.97 ;a:g.0.99 ;a:g.0.97 ;a:g.1.00 ;a:g.0.97 ;a:g.0.98 ;a:g.0.98 ;a:g.0.97 ;a:g.0.97 ;a:g.0.96 ;a:g.0.96 ;a:g.0.96 ;a:g.0.99 ;a:g.0.98 ;a:g.0.98 ;a:g.0.95 ;a:g.0.96 ;a:g.0.95 ;a:g.0.96 ;a:g.0.96 ;a:g.0.97 ;a:g.0.98 ;a:g.0.98 ;a:g.0.99 ;a:g.0.97 ;a:g.0.95 ;a:g.0.98 ;a:g.0.99 ;a:g.0.98 ;a:g.0.99 ;a:g.0.99 ;a:g.1.00 ;a:g.0.97 ;a:g.0.97 ;a:g.0.96 ;a:g.0.95 ;a:g.0.97 ;a:g.0.97 ;a:g.0.99 ;a:g.0.98 ;a:g.0.98 ;a:g.0.99 ;a:g.0.99 ;a:g.1.00 ;a:g.0.97 ;a:g.0.95 ;a:g.0.96 ;a:g.0.96 ;a:g.0.95 ;a:g.0.96 ;a:g.0.97 ;a:g.0.96 ;a:g.0.95 ;a:g.0.98 ;a:g.0.96 ;a:g.0.96 ;a:g.0.96 ;a:g.0.96 ;a:g.0.97 ;a:g.0.96 ;a:g.0.96 ;a:g.0.97 ;a:g.0.97 ;a:g.0.82 ;a:g.0.98 ;a:g.0.96 ;a:g.0.85 ;a:g.0.96 ;a:g.0.97 ;a:g.0.96 ;a:g.0.96 ;a:g.0.96 ;a:g.0.97 ;a:g.0.97 ;a:g.0.96 ;a:g.0.96 ;a:g.0.99 ;a:g.0.97 ;a:g.0.96 ;a:g.0.95 ;a:g.0.96 ;a:g.0.96 ;a:g.0.97 ;a:g.0.96 ;a:g.0.97 ;a:g.0.97 ,;
5135,subst,m.15326A>G,-8.04,rs2853508,92,a:g.0.96 ;a:g.0.99 ;a:g.0.98 ;a:g.0.99 ;a:g.0.97 ;a:g.0.97 ;a:g.0.97 ;a:g.0.99 ;a:g.0.97 ;a:g.1.00 ;a:g.0.97 ;a:g.0.98 ;a:g.0.98 ;a:g.0.97 ;a:g.0.97 ;a:g.0.96 ;a:g.0.96 ;a:g.0.96 ;a:g.0.99 ;a:g.0.98 ;a:g.0.98 ;a:g.0.95 ;a:g.0.96 ;a:g.0.95 ;a:g.0.96 ;a:g.0.96 ;a:g.0.97 ;a:g.0.98 ;a:g.0.98 ;a:g.0.99 ;a:g.0.97 ;a:g.0.95 ;a:g.0.98 ;a:g.0.99 ;a:g.0.98 ;a:g.0.99 ;a:g.0.99 ;a:g.1.00 ;a:g.0.97 ;a:g.0.97 ;a:g.0.96 ;a:g.0.95 ;a:g.0.97 ;a:g.0.97 ;a:g.0.99 ;a:g.0.98 ;a:g.0.98 ;a:g.0.99 ;a:g.0.99 ;a:g.1.00 ;a:g.0.97 ;a:g.0.95 ;a:g.0.96 ;a:g.0.96 ;a:g.0.95 ;a:g.0.96 ;a:g.0.97 ;a:g.0.96 ;a:g.0.95 ;a:g.0.98 ;a:g.0.96 ;a:g.0.96 ;a:g.0.96 ;a:g.0.96 ;a:g.0.97 ;a:g.0.96 ;a:g.0.96 ;a:g.0.97 ;a:g.0.97 ;a:g.0.82 ;a:g.0.98 ;a:g.0.96 ;a:g.0.85 ;a:g.0.96 ;a:g.0.97 ;a:g.0.96 ;a:g.0.96 ;a:g.0.96 ;a:g.0.97 ;a:g.0.97 ;a:g.0.96 ;a:g.0.96 ;a:g.0.99 ;a:g.0.97 ;a:g.0.96 ;a:g.0.95 ;a:g.0.96 ;a:g.0.96 ;a:g.0.97 ;a:g.0.96 ;a:g.0.97 ;a:g.0.97 ,; clinvar;
4235,subst,m.16189T>C,-3.62,rs55749223,29,t:c.0.76 ;t:c.0.89 ;t:c.0.81 ;t:c.0.90 ;t:c.0.92 ;t:c.0.69 ;t:c.0.70 ;t:-.0.12 ;t:c.0.76 ;t:c.0.90 ;t:c.0.91 ;t:-.0.16 ;t:c.0.73 ;t:c.0.77 ;t:c.0.88 ;t:-.0.19 ;t:c.0.66 ;t:c.0.82 ;t:c.0.88 ;t:c.0.86 ;t:c.0.69 ;t:c.0.77 ;t:c.0.80 ;t:c.0.89 ;t:c.0.89 ;t:c.0.90 ;t:c.0.89 ;t:c.0.73 ;t:c.0.80 ,; Mitomap;
4311,subst,m.195T>C,0,rs2857291,31,t:c.0.99 ;t:c.0.98 ;c:t.0.96 ;t:c.0.97 ;t:c.0.96 ;t:c.0.98 ;t:c.0.98 ;t:c.0.94 ;t:c.0.94 ;t:c.0.97 ;t:c.0.98 ;t:c.0.98 ;c:t.0.95 ;t:c.0.99 ;t:c.0.99 ;t:c.0.98 ;t:c.0.99 ;t:c.0.97 ;t:c.0.94 ;t:c.0.90 ;c:t.0.94 ;t:c.0.95 ;t:c.0.96 ;t:c.0.95 ;c:t.0.96 ;t:c.0.98 ;c:t.0.97 ;t:c.0.97 ;t:c.0.97 ;t:c.0.97 ;t:c.0.96 ,; Mitomap;
4257,subst,m.1630A>G,-0.143,-,16,t:c.0.95 ;a:g.0.97 ;a:g.0.91 ;c:t.0.96 ;a:g.0.89 ;t:c.0.92 ;t:c.0.95 ;a:g.0.94 ;a:g.0.99 ;a:g.0.95 ;t:c.0.94 ;t:c.0.89 ;a:g.0.86 ;t:c.0.92 ;a:t.0.84 ;a:g.0.94 ,; Mitomap;
4748,subst,m.663A>G,-2.77,rs56489998,12,a:g.0.97 ;a:g.0.96 ;a:g.0.96 ;t:c.0.97 ;a:g.0.98 ;a:g.0.97 ;a:g.0.96 ;a:g.0.96 ;a:g.0.95 ;a:g.0.92 ;a:g.0.90 ;a:g.0.93 ,; Mitomap;
5120,subst,m.15043G>A,-8.3,rs527236043,14,g:a.0.97 ;g:a.0.98 ;g:a.0.97 ;g:a.0.97 ;g:a.0.95 ;g:a.0.96 ;g:a.0.97 ;g:a.0.99 ;g:a.0.98 ;g:a.0.96 ;g:a.0.97 ;g:a.0.96 ;g:a.0.96 ;g:a.0.97 ,; clinvar;
5121,subst,m.15043G>C,-8.3,rs527236043,14,g:a.0.97 ;g:a.0.98 ;g:a.0.97 ;g:a.0.97 ;g:a.0.95 ;g:a.0.96 ;g:a.0.97 ;g:a.0.99 ;g:a.0.98 ;g:a.0.96 ;g:a.0.97 ;g:a.0.96 ;g:a.0.96 ;g:a.0.97 ,; clinvar;
4786,subst,m.735A>G,-6.71,-,11,a:g.0.99 ;a:g.0.98 ;a:g.0.98 ;a:g.0.99 ;a:g.0.99 ;a:g.0.97 ;a:g.0.98 ;a:g.0.98 ;a:g.0.98 ;a:g.0.97 ;a:g.0.97 ,; Mitomap;
4337,subst,m.2352T>C,3.32,rs28358579,7,t:c.0.96 ;t:c.0.95 ;t:c.0.97 ;t:c.0.98 ;t:c.0.92 ;t:c.0.95 ;t:c.0.97 ,; Mitomap;
4384,subst,m.3010G>A,-0.409,rs3928306,9,g:a.0.96 ;g:a.0.94 ;g:a.0.98 ;g:a.0.97 ;g:a.0.96 ;g:a.0.93 ;g:a.0.94 ;g:a.0.93 ;g:a.0.94 ,; Mitomap;
1375,subst,m.4917A>G,0.148,rs28357980,3,a:g.0.97 ;a:g.0.99 ;a:g.0.96 ,; clinVar; Mitomap; Ensembl;
4661,subst,m.5655T>C,-8.75,rs9783068,5,t:c.0.98 ;t:c.0.97 ;t:c.0.88 ;t:c.0.95 ;t:c.0.96 ,; Mitomap;
4171,subst,m.15784T>C,-7.88,rs28357375,8,t:c.0.96 ;t:c.0.94 ;t:c.0.96 ;t:c.0.95 ;t:c.0.95 ;t:c.0.92 ;t:c.0.94 ;t:c.0.95 ,;
5159,subst,m.15784T>C,-7.88,rs527236194,8,t:c.0.96 ;t:c.0.94 ;t:c.0.96 ;t:c.0.95 ;t:c.0.95 ;t:c.0.92 ;t:c.0.94 ;t:c.0.95 ,; clinvar;
4195,subst,m.15940T>C,-7.24,rs201619354,5,t:-.0.87 ;t:-.0.86 ;t:c.1.00 ;t:-.0.81 ;t:-.0.84 ,; Mitomap;
3846,subst,m.12308A>G,4.71,rs2853498,10,a:g.0.96 ;a:g.0.98 ;a:g.0.93 ;a:g.0.94 ;a:g.0.96 ;a:g.1.00 ;a:g.0.97 ;a:g.0.95 ;a:g.0.84 ;a:g.0.88 ,; Mitomap;
3859,subst,m.12372G>A,-9.07,rs2853499,10,g:a.0.97 ;g:a.0.98 ;g:a.0.93 ;g:a.0.93 ;g:a.0.97 ;g:a.0.95 ;g:a.0.97 ;g:a.0.98 ;g:a.0.86 ;g:a.0.91 ,; Mitomap;
3764,subst,m.11467A>G,-7.59,rs2853493,10,a:g.0.97 ;a:g.0.98 ;a:g.0.97 ;a:g.0.97 ;a:g.0.98 ;a:g.0.97 ;a:g.0.98 ;a:g.0.98 ;a:g.0.90 ;a:g.0.91 ,; Mitomap;
4936,subst,m.8794C>T,1.26,rs2298007,11,c:t.0.98 ;c:t.0.99 ;c:t.0.97 ;c:t.0.98 ;c:t.0.97 ;c:t.0.97 ;c:t.0.96 ;c:t.0.97 ;c:t.0.98 ;c:t.0.96 ;c:t.0.98 ,; Mitomap;
4708,subst,m.618T>C,1.79,-,1,t:c.0.91 ,; Mitomap;
4709,subst,m.618T>G,1.79,-,1,t:c.0.91 ,; Mitomap;
4899,subst,m.839A>G,-9,-,1,a:g.0.95 ,; Mitomap;
4915,subst,m.856A>G,4.5,-,1,a:g.0.94 ,; Mitomap;
5075,subst,m.1027A>G,3.13,rs727504555,1,a:g.0.98 ,; clinvar;
1303,subst,m.1116A>G,-8.67,rs111033208,2,a:g.0.96 ;a:g.0.96 ,; clinVar; Mitomap; ensembl;
4397,subst,m.3196G>A,-8.62,rs28434229,1,g:a.0.97 ,; Mitomap;
4441,subst,m.3316G>A,-1.7,rs2853516,1,g:a.0.92 ,; Mitomap;
4452,subst,m.3396T>C,-5.2,rs374875201,3,t:c.0.95 ;t:c.0.98 ;t:a.0.05 ,; Mitomap;

4459,subst,m.3421G>A,-9.06,-,1,g:a.0.96 ,; Mitomap;
4469,subst,m.3497C>T,-3.08,rs200319905,1,c:t.0.96 ,; Mitomap;
4483,subst,m.3644T>C,4.53,-,1,t:c.0.98 ,; Mitomap;
4549,subst,m.4314T>C,-7.63,-,1,t:c.0.99 ,; Mitomap;
4555,subst,m.4343A>G,-8.32,-,1,a:g.0.96 ,; Mitomap;
4679,subst,m.5821G>A,-10.3,rs200587831,1,g:a.0.90 ,; Mitomap;
4700,subst,m.6150G>A,3.46,-,2,g:a.0.97 ;g:a.0.94 ,; Mitomap;
4711,subst,m.6253T>C,0.379,rs200165736,2,t:c.0.98 ;t:c.0.94 ,; Mitomap;
4715,subst,m.6261G>A,4.46,rs113016769,1,g:a.0.96 ,; Mitomap;
4717,subst,m.6267G>A,5.29,rs202216551,2,g:a.0.96 ;g:a.0.95 ,; Mitomap;
4620,subst,m.5178C>A,-10.2,rs28357984,2,c:a.0.94 ;c:a.0.99 ,; Mitomap;
4635,subst,m.5460G>A,-9.74,rs3021088,4,g:a.0.79 ;g:a.0.76 ;g:a.0.86 ;g:a.0.78 ,; Mitomap;
4636,subst,m.5460G>T,-9.74,rs3021088,4,g:a.0.79 ;g:a.0.76 ;g:a.0.86 ;g:a.0.78 ,; Mitomap;
4658,subst,m.5628T>C,0.805,-,1,t:c.0.97 ,; Mitomap;
4862,subst,m.8108A>G,2.5,-,1,a:g.0.98 ,; Mitomap;
4890,subst,m.8347A>G,-3.84,-,1,a:g.0.96 ,; Mitomap;
4902,subst,m.8414C>T,-9.59,rs28358884,2,c:t.0.96 ;c:t.1.00 ,; Mitomap;
4939,subst,m.8836A>G,3.5,-,2,a:g.0.92 ;a:g.0.93 ,; Mitomap;
4949,subst,m.8932C>T,0.456,-,1,c:t.0.96 ,; Mitomap;
4960,subst,m.9055G>A,3.26,rs9645429,3,g:a.0.95 ;g:a.0.93 ;g:a.0.87 ,; Mitomap;
5041,subst,m.9861T>C,-3.31,-,1,t:c.0.94 ,; Mitomap;
3672,subst,m.10086A>G,3.71,rs28358274,3,a:g.0.98 ;a:g.0.98 ;a:g.0.96 ,; Mitomap;
3703,subst,m.10454T>C,-10.3,-,1,t:c.0.96 ,; Mitomap;
3828,subst,m.12224C>T,4.71,-,1,c:t.0.98 ,; Mitomap;
3830,subst,m.12236G>A,-1.72,rs28359170,2,g:a.0.72 ;g:a.0.92 ,; Mitomap;
1478,subst,m.12397A>G,-9.07,rs200890363,1,a:g.0.93 ,; clinVar; Mitomap; Ensembl;
5126,subst,m.15148G>A,-1.15,rs527236206,2,g:a.0.94 ;g:a.0.91 ,; clinvar;
3923,subst,m.13135G>A,-9.1,rs200044200,1,g:a.0.96 ,; Mitomap;
3949,subst,m.13528A>G,-5.82,rs55882959,1,a:g.0.95 ,; Mitomap;
3996,subst,m.13967C>T,-5.31,-,1,c:t.0.96 ,; Mitomap;


4062,subst,m.14668C>T,-8.3,rs28357678,2,c:t.0.96 ;c:t.0.97 ,; Mitomap;

5128,subst,m.15226A>G,-8.3,rs527236174,1,a:g.0.95 ,; clinvar;
5138,subst,m.15346G>A,-8.3,rs527236180,1,g:a.0.95 ,; clinvar;
5141,subst,m.15355G>A,-8.3,rs527236181,2,g:a.0.93 ;g:a.0.92 ,; clinvar;
5143,subst,m.15385C>T,-8.3,rs527236183,1,c:t.0.98 ,; clinvar;
4142,subst,m.15452C>A,-7.88,rs3088309,3,c:a.0.95 ;c:a.0.97 ;c:a.0.91 ,;
5145,subst,m.15452C>A,-7.88,rs527236209,3,c:a.0.95 ;c:a.0.97 ;c:a.0.91 ,; clinvar;
5146,subst,m.15452C>T,-7.88,rs527236209,3,c:a.0.95 ;c:a.0.97 ;c:a.0.91 ,; clinvar;
5150,subst,m.15470T>C,-0.596,rs527236187,1,t:c.0.99 ,; clinvar;
4157,subst,m.15607A>G,3.94,rs28357372,2,a:g.0.97 ;a:g.0.98 ,;
5153,subst,m.15607A>G,3.94,rs527236210,2,a:g.0.97 ;a:g.0.98 ,; clinvar;
4161,subst,m.15670T>C,-2.33,rs28357374,2,t:c.0.98 ;t:c.0.98 ,;
5156,subst,m.15670T>C,-2.33,rs527236211,2,t:c.0.98 ;t:c.0.98 ,; clinvar;
4164,subst,m.15693T>C,-2.14,rs200975632,2,t:c.0.99 ;t:c.0.97 ,; Mitomap;
4170,subst,m.15773G>A,3.94,-,1,g:a.0.95 ,; Mitomap;
4188,subst,m.15924A>G,-6.54,rs2853510,2,a:g.0.96 ;a:g.0.97 ,; Mitomap;
4190,subst,m.15928G>A,-5.88,rs28357377,2,g:a.0.98 ;g:a.0.97 ,; Mitomap;
5163,subst,m.15928G>A,-5.88,rs527236198,2,g:a.0.98 ;g:a.0.97 ,; clinvar;

4197,subst,m.15942T>C,1.67,rs28535186,1,t:c.1.00 ,; Mitomap;

